code,system
N112200,readv2
N112100,readv2
N11B100,readv2
N114200,readv2
N110100,readv2
N110.00,readv2
N113000,readv2
N111100,readv2
N113.00,readv2
N112.00,readv2
N11C100,readv2
N114.00,readv2
N119.00,readv2
N112300,readv2
N115200,readv2
N111200,readv2
N11C200,readv2
N112000,readv2
N119100,readv2
N11C000,readv2
N119200,readv2
N119000,readv2
N11z100,readv2
N115.00,readv2
N11B.00,readv2
N11zz00,readv2
N110.11,readv2
N113200,readv2
N11B000,readv2
N11z000,readv2
N114100,readv2
N388.00,readv2
N11z.00,readv2
N115100,readv2
F163200,readv2
N11E.00,readv2
N11B200,readv2
N115000,readv2
N110200,readv2
N110000,readv2
N111.00,readv2
N114000,readv2
N112.11,readv2
N111000,readv2
N11C.00,readv2
PG4E.00,readv2
N101.00,readv2
N100.00,readv2
N102.00,readv2
N100.11,readv2
N10z.00,readv2
PG46000,readv2
PG11.00,readv2
PG12.00,readv2
N384000,readv2
N384200,readv2
7J48500,readv2
N384100,readv2
N384.00,readv2
7J48511,readv2
N384300,readv2
N114.12,readv2
S104200,readv2
Zw04800,readv2
Zw04600,readv2
Zw04700,readv2
Zw04900,readv2
PG46.00,readv2
PG46100,readv2
N11y200,readv2
Nyu6.00,readv2
Nyu6900,readv2
N118.00,readv2
7J48K00,readv2
7J34112,readv2
7J48L00,readv2
Nyu6400,readv2
Nyu6300,readv2
N11..00,readv2
N11y.00,readv2
N10..00,readv2
N10yz00,readv2
N10y.00,readv2
Nyu6100,readv2
N10y000,readv2
Zw04A00,readv2
S100J00,readv2
S102200,readv2
Nyu6700,readv2
N11A.00,readv2
F337200,readv2
S100B00,readv2